Topic,Published Date,Title,URL,Image
Economy,2026-04-11,"German debt brake reform won't happen during current government term, Bild reports",https://www.reuters.com/business/german-debt-brake-reform-wont-happen-during-current-government-term-bild-reports-2026-04-11/,https://www.reuters.com/resizer/v2/E7XWRJLENZPGPKJMUPNCX6LZGM.jpg?auth=f86243a31f89fbe9127928a9f7ac3e03eef30f299cf8c35917ef432593149e41&height=1005&width=1920&quality=80&smart=true
Economy,2026-04-10,Spat over oil price relief exposes strains in Germany's coalition,https://www.reuters.com/markets/us/german-minister-pushes-commuter-tax-breaks-rejects-windfall-tax-idea-2026-04-10/,
Economy,2026-04-10,German inflation confirmed at 2.8% in March,https://www.reuters.com/world/europe/german-inflation-confirmed-28-march-2026-04-10/,https://www.reuters.com/resizer/v2/N6NDTZ4MNRKMDORVYKESK2LVJU.jpg?auth=6ec47df8807dd0a82e77fbaba69b2e26a48920587064f8e75a3400588d2fbcf9&height=1005&width=1920&quality=80&smart=true
Economy,2026-04-09,"Germany probes Klesch's planned purchase of BP refinery, the Spiegel reports",https://www.reuters.com/business/germany-probes-kleschs-planned-purchase-bp-refinery-reports-spiegel-2026-04-09/,https://www.reuters.com/resizer/v2/BSENBXPIZZMLNCUAHQ4HSSMK3A.jpg?auth=f7f7e52af1e2f388dd98e72a383056530a6f3cb958a2b6154a8794c0a077e207&height=1005&width=1920&quality=80&smart=true
Economy,2026-04-09,"German industrial output fall points to weak quarter, economists say",https://www.reuters.com/business/german-industrial-output-falls-unexpectedly-february-2026-04-09/,https://www.reuters.com/resizer/v2/IOLXQ2PDM5ONNEUFCSFS7MDUII.jpg?auth=f19c3c58ba0e0dce55481346023c2b1b8635981e11605ef3e0d9eb5af87dba2d&height=1005&width=1920&quality=80&smart=true
Economy,2026-04-09,German exports rise more than expected in February,https://www.reuters.com/world/china/german-exports-rise-more-than-expected-february-2026-04-09/,https://www.reuters.com/resizer/v2/DRDWQCUZ6FMJROYBTS2RNAA53U.jpg?auth=bbcbdcb304f893c19bbdfc09c749c06939902944f7e900d304f15e428f41c7e6&height=1005&width=1920&quality=80&smart=true
Economy,2026-04-08,"Germany's February industrial orders up, albeit far below forecasts",https://www.reuters.com/business/german-industrial-orders-rise-09-february-2026-04-08/,https://www.reuters.com/resizer/v2/647EFFCMYFONZD77WQJQ4MY3VE.jpg?auth=2a684e2fa56b2343c54da0b423a34a03fc202bd025da55ae345751d3e6b80610&height=1005&width=1920&quality=80&smart=true
Economy,2026-04-08,"German exporters stay upbeat despite Iran war, Allianz Trade says",https://www.reuters.com/business/german-exporters-stay-upbeat-despite-iran-war-allianz-trade-says-2026-04-08/,https://www.reuters.com/resizer/v2/YEQ5QJ3IHZIE3ORQ6WQJ544HN4.jpg?auth=b56626cfcba376e62de0f3afc2e5c1d71caebdbf35efbebbac3091a39250f31f&height=1005&width=1920&quality=80&smart=true
Economy,2026-04-07,"German service sector growth slows to seven-month low, PMI shows",https://www.reuters.com/world/europe/german-service-sector-growth-slows-seven-month-low-pmi-shows-2026-04-07/,
Economy,2026-04-01,Europe scrambles to contain price shock from Iran war as German forecasts are cut,https://apnews.com/article/europe-germany-economy-growth-iran-war-inflation-6dd8a19413de5ba1f788b0f5b447d6b7,https://dims.apnews.com/dims4/default/2272877/2147483647/strip/true/crop/3377x2250+143+0/resize/980x653!/quality/90/?url=https%3A%2F%2Fassets.apnews.com%2Ffb%2Fcb%2F83a1155dfa786f927c228a37190a%2Fde71fbb665ef43f0b1c0750f58cd99a8
Immigration,2026-03-31,German chancellor clarifies Syrian refugee comments after backlash,https://www.reuters.com/world/german-chancellor-clarifies-syrian-refugee-comments-after-backlash-2026-03-31/,https://www.reuters.com/resizer/v2/G2Q2TN5JZNLDTLVJTKVOWQPWPM.jpg?auth=be18f72c03c48fe3ecf27682e038e82cdea27658e50f305fbe4b85451720e693&height=1005&width=1920&quality=80&smart=true
Immigration,2026-03-30,Germany's Merz says Berlin will work with Syria to return refugees,https://www.reuters.com/world/middle-east/merz-says-syrian-refugees-have-important-role-rebuilding-their-country-2026-03-30/,https://www.reuters.com/resizer/v2/JMXE4NB4MFL6ZCXMKS726VICHI.jpg?auth=7c69e162744743b6f09d426c725122a56825c54c662af4f6648bbc8c2908d9a0&height=1005&width=1920&quality=80&smart=true
Immigration,2026-03-30,German leader sees many Syrians returning home,https://apnews.com/article/germany-syria-refugees-migrants-return-738b393d1ece62dc238b06a72ea081f5,https://dims.apnews.com/dims4/default/8f6607f/2147483647/strip/true/crop/6486x4322+0+1/resize/980x653!/quality/90/?url=https%3A%2F%2Fassets.apnews.com%2F4e%2F4a%2F123fc3ac1bd3551b9fc9e5c1fb97%2Fe47c345290dc43ecbbee77b5e60e4cce
Immigration,2026-03-30,Where in Germany wait times for citizenship are the longest,https://www.thelocal.de/20260330/where-in-germany-wait-times-for-citizenship-are-the-longest,https://assets.thelocal.com/cdn-cgi/rs:fit:1200/quality:75/plain/https://apiwp.thelocal.com/wp-content/uploads/2026/03/watermarks-logo-562975106.jpg@webp
Immigration,2026-02-27,How the CDU aims to tighten Germany's citizenship rules in 2026,https://www.thelocal.de/20260227/how-the-cdu-aims-to-tighten-germanys-citizenship-rules-in-2026,https://assets.thelocal.com/cdn-cgi/rs:fit:1200/quality:75/plain/https://apiwp.thelocal.com/wp-content/uploads/2026/02/watermarks-logo-314233241.jpg@webp
Immigration,2026-02-25,German cities see soaring number of naturalisations as CDU pushes for tighter rules,https://www.thelocal.de/20260225/german-cities-see-soaring-number-of-naturalisations-as-cdu-pushes-for-tighter-rules,https://assets.thelocal.com/cdn-cgi/rs:fit:1200/quality:75/plain/https://apiwp.thelocal.com/wp-content/uploads/2026/02/watermarks-logo-558432185.jpg@webp
Immigration,2026-02-24,Is Germany really planning to let more asylum seekers enter the workforce?,https://www.thelocal.de/20260224/is-germany-really-planning-to-let-more-asylum-seekers-enter-the-workforce,https://assets.thelocal.com/cdn-cgi/rs:fit:1200/quality:75/plain/https://apiwp.thelocal.com/wp-content/uploads/2026/02/watermarks-logo-4698610331.jpg@webp
Immigration,2026-02-16,Germany extends border controls another six months,https://www.thelocal.de/20260216/germany-extends-border-controls-another-six-months,https://assets.thelocal.com/cdn-cgi/rs:fit:1200/quality:75/plain/https://apiwp.thelocal.com/wp-content/uploads/2026/02/watermarks-logo-573165749.jpg@webp
Immigration,2026-01-16,Germany's Merz to raise migrant returns in talks with Syrian leader,https://www.reuters.com/world/middle-east/germanys-merz-raise-migrant-returns-talks-with-syrian-leader-2026-01-16/,https://www.reuters.com/resizer/v2/XNSKCEORGRJTXO7Q4ECLSVQF3Y.jpg?auth=3a9d69a48e68c03b9b5e3a5f45359108c91f59016ad5da4a037fe3d34709fc35&height=1005&width=1920&quality=80&smart=true
Immigration,2025-12-17,The planned changes to immigration and citizenship in Germany in 2026,https://www.thelocal.de/20251217/the-planned-changes-to-immigration-and-citizenship-in-germany-in-2026,https://assets.thelocal.com/cdn-cgi/rs:fit:1200/quality:75/plain/https://apiwp.thelocal.com/wp-content/uploads/2025/12/watermarks-logo-563437832.jpg@webp
Crime,2026-04-10,Investigators believe antisemitism was motive in vandalism at Israeli restaurant in Munich,https://apnews.com/article/germany-antisemitism-israeli-restaurant-ee078b24784404d4caed3c90998bce66,https://dims.apnews.com/dims4/default/fed56c3/2147483647/strip/true/crop/4921x3279+83+0/resize/980x653!/quality/90/?url=https%3A%2F%2Fassets.apnews.com%2Fad%2F37%2F72abcebb81d52c18b81e3b508b99%2F39d7ee413a084014beebc597d976dc66
Crime,2026-04-05,German police investigate 'dangerous bodily harm' after fan violence in Dresden,https://apnews.com/article/fan-violence-dresden-hertha-berlin-2ad3885d65dca30f17d833cd6b7c197f,https://dims.apnews.com/dims4/default/6fc8916/2147483647/strip/true/crop/6768x4510+215+0/resize/980x653!/quality/90/?url=https%3A%2F%2Fassets.apnews.com%2F6f%2F72%2Fff4645f025c8e857966114e033c5%2F29cd1bffef3f42d783520201b375108b
Crime,2026-04-03,Man arrested after threatening an attack on a high-speed train in Germany,https://apnews.com/article/germany-attack-threat-train-siegburg-arrest-0855b6e7968b1589a72eb4c4f7e3e320,https://dims.apnews.com/dims4/default/72f175e/2147483647/strip/true/crop/8256x5501+0+1/resize/980x653!/quality/90/?url=https%3A%2F%2Fassets.apnews.com%2F4a%2Fc3%2F39a3af35595aa992c1bfac6d374c%2F8577dfffb82c4dc68be9fc1d7eaa9be3
Crime,2026-04-01,Three go on trial in Germany over plot to overthrow government,https://www.thelocal.de/20260401/three-go-on-trial-in-germany-over-plot-to-overthrow-government,https://assets.thelocal.com/cdn-cgi/rs:fit:1200/quality:75/plain/https://apiwp.thelocal.com/wp-content/uploads/2026/04/watermarks-logo-AFP__20260401__A6FC8ER__v1__MidRes__GermanyCourtPoliticsCoupJustice.jpg@webp
Crime,2026-03-30,German prosecutors arrest Ukrainian man suspected of spying for Russia,https://www.reuters.com/world/german-prosecutors-arrest-ukrainian-man-suspected-spying-russia-2026-03-30/,
Crime,2026-03-26,German deepfake porn case sparks protests and pressure to change law,https://www.reuters.com/business/media-telecom/german-deepfake-porn-case-sparks-protests-pressure-change-law-2026-03-26/,
Crime,2026-02-25,"Germany seeks to enlist AI, modernise security bodies in fight against organised crime",https://www.reuters.com/world/germany-seeks-enlist-ai-modernise-security-bodies-fight-against-organised-crime-2026-02-25/,
Crime,2026-02-09,Germany indicts Ukrainian over parcel bomb allegations tied to Russia,https://www.reuters.com/world/germany-indicts-ukrainian-over-parcel-bomb-allegations-tied-russia-2026-02-09/,https://www.reuters.com/resizer/v2/466BJJQ7PVGY5O53NZ3KL65MHM.png?auth=b9c3bf166c40a6778eb5672993fde7c30a15f48329026674eff92afd8da1d0ca&height=1005&width=1920&quality=80&smart=true
Crime,2026-01-28,German police search Deutsche Bank offices in money laundering probe,https://www.reuters.com/business/finance/german-police-raids-deutsche-bank-sites-frankfurt-berlin-reports-spiegel-2026-01-28/,
Crime,2026-01-09,Hamburg trial tests German law after US child's suicide linked to murder charge,https://www.reuters.com/world/hamburg-trial-tests-german-law-after-us-childs-suicide-linked-murder-charge-2026-01-09/,
Health,2026-04-07,Bayer US head says tariffs will not affect its 2026 forecasts,https://www.reuters.com/world/bayer-us-head-says-tariffs-will-not-affect-its-2026-forecasts-2026-04-07/,https://www.reuters.com/resizer/v2/OFJOLI4Q4BOFXIESDC6UBTKUEI.jpg?auth=90ff1658a987efcb1638eb8954d7481d8dcef4ec544e15b3198d54a8a4ba7288&height=1005&width=1920&quality=80&smart=true
Health,2026-03-31,How Germany's major public health insurance reform will affect you,https://www.thelocal.de/20260331/how-germanys-major-public-health-insurance-reform-will-affect-you,https://assets.thelocal.com/cdn-cgi/rs:fit:1200/quality:75/plain/https://apiwp.thelocal.com/wp-content/uploads/2026/03/watermarks-logo-584906414.jpg@webp
Health,2026-03-31,How smokers in Germany can get free lung cancer screenings,https://www.thelocal.de/20260331/how-smokers-in-germany-can-get-free-lung-cancer-screenings,https://assets.thelocal.com/cdn-cgi/rs:fit:1200/quality:75/plain/https://apiwp.thelocal.com/wp-content/uploads/2026/03/watermarks-logo-470587846.jpg@webp
Health,2026-03-30,German special commission on health insurance proposes measures to cap costs,https://www.reuters.com/business/healthcare-pharmaceuticals/german-special-commission-health-insurance-proposes-measures-cap-costs-2026-03-30/,
Health,2026-03-25,Everything that changes in Germany in April 2026,https://www.thelocal.de/20260325/everything-that-changes-in-germany-in-april-2026,https://assets.thelocal.com/cdn-cgi/rs:fit:1200/quality:75/plain/https://apiwp.thelocal.com/wp-content/uploads/2026/03/watermarks-logo-583445513.jpg@webp
Health,2026-03-25,Taxes to health insurance: What reforms is Germany eyeing this spring?,https://www.thelocal.de/20260325/taxes-to-health-insurance-what-reforms-is-germany-eyeing-this-spring,https://assets.thelocal.com/cdn-cgi/rs:fit:1200/quality:75/plain/https://apiwp.thelocal.com/wp-content/uploads/2026/03/watermarks-logo-556956077-1.jpg@webp
Health,2026-03-24,Is Germany about to scrap free health insurance for spouses?,https://www.thelocal.de/20260324/is-germany-about-to-scrap-free-health-insurance-for-spouses,https://assets.thelocal.com/cdn-cgi/rs:fit:1200/quality:75/plain/https://apiwp.thelocal.com/wp-content/uploads/2026/03/watermarks-logo-581056214.jpg@webp
Health,2026-02-24,Healthcare group Fresenius' 2026 outlook falls short of expectations,https://www.reuters.com/business/healthcare-pharmaceuticals/germanys-fresenius-beats-revenue-expectations-fourth-quarter-2026-02-25/,
Health,2026-02-11,The digital health apps covered by public health insurance in Germany,https://www.thelocal.de/20260211/the-digital-health-apps-covered-by-public-health-insurance-in-germany,https://assets.thelocal.com/cdn-cgi/rs:fit:1200/quality:75/plain/https://apiwp.thelocal.com/wp-content/uploads/2026/02/watermarks-logo-AFP__20250916__73BQ49H__v1__HighRes__GermanyTechInternetHealthMedicine.jpg@webp
Health,2026-02-03,What does public health insurance really cover at the dentist in Germany?,https://www.thelocal.de/20260203/what-does-public-health-insurance-really-cover-at-the-dentist-in-germany,https://assets.thelocal.com/cdn-cgi/rs:fit:1200/quality:75/plain/https://apiwp.thelocal.com/wp-content/uploads/2026/02/watermarks-logo-572712986.jpg@webp
